key	type	author	title	extra	year	fragments	comment	link
zapachKosmosu	Book	Ginny Nawrocka	Cierpki zapach kosmosu	w: „Tęczowe i fantastyczne”	2020	Ja, Gosia, Ewa i Jacek. Gosia była najmłodsza... Jest najmłodsza. Jacek jest z tego samego roku, co ja, ale onu urodziłu się na początku, a ja pod koniec. A Ewa jest pięć lat starszy ode mnie.	oprócz tego także postaci niebinarne używające męskich i żeńskich form	http://ksf.org.pl/ksf/teczowe-i-fantastyczne-antologia-queerowej-fantastyki/
confirmatio	Book	Bartek Biedrzycki	Confirmatio Vir Llamki, albo o wizycie Nieziemca Macka Simma na Starej Ziemi	w: „Dzieje się”	2018	Usiedli. Vir wskoczyło na łóżko i zainstalowało się tam po turecku, Simm przysiadł na obrotowym krześle przy biurku.|– Jak dorosnę, to chcę polecieć na Marsa.|– Przecież już byłoś u mnie dwa razy.|– Ale ja chcę na stałe
perfekcyjna	Book	Jacek Dukaj	Perfekcyjna niedoskonałość		2003	– Do Creytona powinniśmy dotrzeć w ciągu trzydziestu ośmiu k-godzin. Nawet zważywszy na utratę krwi pana i stahs McPherson– |– Chciałuś powiedzieć – przerwał nu Zamoyski – powinniśmy byli tam dotrzeć. Samu twierdzisz, że po odcięciu od Plateau nie wiesz nawet, w którą stronę lecimy. Swoją drogą, zastanawiam się, jak to możliwe. Przecież chyba pamiętasz, gdzie celowałuś.@– To było wyzwanie na pojedynek – stwierdziła manifestacja Słowińskienu i kopnęła upuszczoną muszlę aż pod palmy. Stłukła sobie przy tym stopę i teraz podskakiwała na jednej nodze, wściekła – taki na poły komiczny behawior manifestowału Adamowi i Cesarzowi.@Jeszcze nie do końca świadomy otoczenia, zareagował w sposób stosowny dla ciążenia Farstone (lub Pałacu) – i w efekcie odbił się od bocznej ściany. Zamrugał, nie wierząc własnym oczom. Z odległości dwóch cali szczerzyłu się bowiem z niej, wielku jak posąg Stalina, Patrick Gheorg McPherson.|W odruchu już niemal paniki odepchnął się Zamoyski wstecz, ku fotelowi. Nie mógł oderwać wzroku od ekranu z uspokajająco uśmiechniętum Patrickum – najpierw więc fotel wymacał, fotel i ciało na nim.@Głupi! Znajdujesz się w jenu wnętrzu, onu czyta twoje nastroje, pragnienia, instynkty, myśli nieomal – z napięcia mięśni, drżenia strun głosowych, temperatury naskórka, rytmu oddechu, łopotu serca, szumu krwi w żyłach i tkankach. Skąd niby wiedziału wówczas, że szukasz urynału? Nic wu nie umknie. Pozostajecie całkowicie w jenu władzy. Nie jesteś w stanie przekazać Angelice ni słowa tak, by onu o nim nie wiedziału.		https://lubimyczytac.pl/ksiazka/4304/perfekcyjna-niedoskonalosc
silaNizsza	Book	Marta Kisiel	Siła niższa		2016	– Ja co prawda słabo znam gościa - odparł po kilku chwilach - ale tak sobie myślę, że on to nie lubi nikogo. |– Nawet swojego człowieka? Przecież jest aniołem stróżem. Ja swoich zawsze lubiłom. Jak miałobym im stróżować bez lubienia?		https://lubimyczytac.pl/ksiazka/214071/sila-nizsza
smoczaPerla	Book	Yoon Ha Lee	Smocza perła	tłumaczenie: Agnieszka Fulińska i Aleksandra Klęczar	2019	– Idzie ci lepiej niż zwykle – oznajmiło w końcu Sujin. Nie zauważyłam, że pogrążone w lekturze książki dotyczącej chemii zwracało na nas w ogóle uwagę.@– Nie ostrzegłoś przypadkiem Hwana, żeby trzymał się z daleka? – zapytałam.|– Powiedziałom to ze względu na upiory.|Musiałam przyznać, że mi zaimponowało.		https://lubimyczytac.pl/ksiazka/4867257/smocza-perla
lewaReka	Book	Ursula K. Le Guin	Lewa ręka ciemności	tłum. Lech Jęczmyk	1987	Był tak kobiecy w wyglądzie i zachowaniu, że kiedyś spytałem go, ile ma dzieci, tak jakbym pytał matkę. Spochmurniał. Okazało się, że nie urodził ani jednego, za to spłodził sporo. Był to jeden z tych małych wstrząsów, jakich doznawałem na każdym kroku. Szok kulturowy był niczym w porównaniu z szokiem biologicznym, którego doznawałem jako osobnik płci męskiej wśród istot ludzkich, będących przez pięć szóstych czasu hermafrodytycznymi eunuchami.@Byliśmy kemmeringami przez siedem lat i mieliśmy dwoje dzieci. Jako dzieci jego łona nosiły jego imię Foreth rem ir Osboth i chowały się w ognisku jego klanu. Przed trzema laty poszedł do stanicy Orgny i teraz nosił złoty łańcuch celibanta. Nie widzieliśmy się przez te trzy lata, a jednak, kiedy zobaczyłem jego twarz w cieniu pod kamiennym łukiem, poczułem przypływ naszej dawnej miłości, jakbyśmy rozstali się zaledwie wczoraj, i doceniłem jego wierność, która sprawiła, że gotów był podzielić mój upadek. Czując znów na sobie te daremne więzy rozgniewałem się, bo miłość Asze zawsze zmuszała mnie do działania wbrew moim chęciom.	postacie niebinarne używające form męskich	https://lubimyczytac.pl/ksiazka/103618/lewa-reka-ciemnosci
zabSpraw	Book	Ann Leckie	Zabójcza sprawiedliwość	tłum. Danuta Górska	2015	Odwróciłam się, żeby jej się przyjrzeć. Była wyższa od większości Nilterek, ale tłusta i blada jak one wszystkie. Ważyła więcej ode mnie, ale ja byłam wyższa i znacznie silniejsza, niż mogło się wydawać. Nie zdawała sobie sprawy, na kogo się porywa. Była prawdopodobnie płci męskiej, sądząc po skomplikowanych kanciastych wzorach pikowania na jej koszuli. Nie miałam całkowitej pewności. To byłoby bez znaczenia, gdybym przebywała w przestrzeni Radch. Radchaai nie zwracają większej uwagi na płeć, a ich język – mój pierwszy język – w ogóle nie uwzględnia rozróżnień płci. Język, którym teraz mówiliśmy, uwzględniał i mogłam sobie narobić kłopotów, gdybym użyła niewłaściwych form. Nie pomagało, że wskazówki pozwalające odgadnąć płeć zmieniały się w każdym kolejnym miejscu, niekiedy radykalnie, i rzadko miały dla mnie sens.	postać niebinarna używająca form żeńskich	https://lubimyczytac.pl/ksiazka/233816/zabojcza-sprawiedliwosc
zabMiecz	Book	Ann Leckie	Zabójczy miecz	tłum. Danuta Górska	2016	– Przyszła przeprosić moją pracownicę. – Zastępczynię Daos Ceit, tam, w zewnętrznym biurze. – Ich matki są kuzynkami. – Formalnie słowo użyte przez Skaaiat oznaczało pokrewieństwo pomiędzy dwojgiem ludzi z różnych domów, którzy mieli wspólną rodzicielkę albo babkę, jednak w sensie potocznym dotyczyło dalszego krewnego, przyjaciela albo kogoś, z kim się dorastało. – Wczoraj miały się spotkać na herbacie, ale Tisarwat się nie pojawiła i nie odpowiadała na wiadomości. A wiesz, jak wojskowi się lubią z zarządem doków. – Czyli pozornie uprzejmość, a prywatnie pogarda. – Moja pracownica się obraziła.	postać niebinarna używająca form żeńskich	https://lubimyczytac.pl/ksiazka/3654186/zabojczy-miecz
krolowaZimy	Book	Ursula K. Le Guin	Królowa Zimy	w: „Wszystkie strony świata”, tłum. Lech Jęczmyk	1980	Ostatnie zdjęcie w promieniach obcego słońca: wyprostowana postać nieokreślonej płci w szarym płaszczu haińskiego kroju stoi, spływając potem, na zielonym trawniku obok Generalnego Przedstawiciela Ekumeny na planety zachodnie, stabila Hoalansa z Alb, który może (jeżeli zechce) ingerować w losy czterdziestu światów.|– Nie mogę kazać panu tam wracać – mówi stabil. – Pańskie sumienie...|– Dwanaście lat temu zrezygnowałem z królestwa na rzecz sumienia. Dostało, co mu się należało. Starczy tego dobrego – mówi Argaven Harge. Potem nagle wybucha śmiechem, zarażając nim stabila. Rozstają się w zgodzie, jaką starają się zaszczepić między ludźmi władze Ekumeny.@Argaven przesunęła spojrzeniem po wszystkich twarzach, tych pochylonych i niepochylonych.|– Jestem Argaven – powiedziała. – Byłam królową. Kto teraz rządzi Karhidem?	postać niebinarna używająca zamiennie form męskich i żeńskich
milo	Article	Małgorzata Goślińska	Zrobimy z ciebie mężczyznę	w: „Magazyn TVN24”	2019	Milo nie miało myśli erotycznych. Tak boleśnie myślało o własnym ciele, że nie potrafiło myśleć o nim w towarzystwie innych ciał. Ale żeby zmienić ciało, musiało odpowiedzieć u psychologa na pytania: Od kiedy się masturbujesz? Jak to robisz? O czym wtedy myślisz? W jakiej pozycji uprawiasz seks? Jak się całujesz? Milo było rozdarte, nie lubiło kłamać.@Przez jeden dzień Milo się cieszyło. Ale to był krok w bok. Milo nie posunęło się do przodu w kierunku tranzycji prawnej ani medycznej. Uznali imię, nie tożsamość. W dowodzie pozostała literka M. Milo było osobą niebinarną, ale z dwojga złego wolałoby literkę K. Było rozdarte. Nie lubiło swojego męskiego ciała, dlatego postanowiło przejść tranzycję. Ale nie po to wyrwało się z klatki chłopca, żeby wejść w kolejną klatkę. Chciało być sobą.	Milo - historia życia i śmierci	https://tvn24.pl/magazyn-tvn24/zrobimy-z-ciebie-mezczyzne,242,4189
starTrek	Series		Star Trek: Następne Pokolenie, sezon 5 odcinek 17 „Wyklęci”/„Presja społeczna”	tłumaczenie: Kamil Borek	2016	– Radzisz sobie, jakbyś dorastało w wahadłowcu.|– Dorastałom. Moi rodzice to piloci. Latałom z nimi, zanim umiałom chodzić.		https://www.netflix.com/watch/70177979
niepelnia	Book	Anna Kańtoch	Niepełnia		2017	Ale Sło­neczko oczy­wi­ście chciało, i to bar­dzo. Chciało i bało się jed­no­cze­śnie, ponie­waż wie­rzyło matce. Świat na zewnątrz był piękny, ale też okrutny – zwłasz­cza dla takich jak ono. Bo Sło­neczko, choć nikt ni­gdy nie powie­dział mu tego wyraź­nie, wie­działo, że różni się od zwy­czaj­nych dzieci, a ludzie nie lubią tego, co inne.		https://lubimyczytac.pl/ksiazka/4368674/niepelnia
dozywocie	Book	Marta Kisiel	Dożywocie		2010	Starało się zrobić wrażenie bardzo zasmuconego i stanowczego jednocześnie, aczkolwiek nie wzięło pod uwagę faktu, że wygląd trochę wchodzi mu w paradę. Owszem, peleryna świetnie maskowała skrzydła, ale poza tym była zdecydowanie zbyt wielka na jedno małe Licho.		https://lubimyczytac.pl/ksiazka/4811125/dozywocie
lichoNiebozatko	Book	Marta Kisiel	Małe Licho i tajemnica Niebożątka		2018	Istotnie, Licho nic nie rozumiało. Stało z klockiem w wyciągniętej ręce i oszołomione spoglądało na chłopca, który zaciskał zęby i patrzył na nie tak… tak… tak źle.|– Czemu ty taki jesteś? Ja tylko chciałom ci pomóc, ja ci zawsze pomagam…|– Och, czy ty musisz być takie… takie głupie?!		https://lubimyczytac.pl/ksiazka/4846958/male-licho-i-tajemnica-niebozatka
lichoAniol	Book	Marta Kisiel	Małe Licho i anioł z kamienia		2019	– No już, już, nie frasuj się tak, aniołeczku – powiedział wujaszek, wróciwszy do stołu. Pogładził przejęte Licho po głowie. – Tsadkielek nie umie w  nastrój. Tsadkielek jest zadaniowy, rozumiesz. Musi mieć zajęcie, inaczej mu się merda pod kopułką. No, skończyłoś pierniczyć? To chodź, będziemy dziurkować.		https://lubimyczytac.pl/ksiazka/4882398/male-licho-i-aniol-z-kamienia
siewca	Book	Maja Lidia Kossakowska	Siewca wiatru		2004	– Poczekaj! – zawołał – Powiedziałoś, ze mam coś zobaczyć. Czy zechcesz mi to pokazać?|– Powiedziałom – przytaknęło Jagnię – Wiele rzeczy starałom ci się przekazać. Czyż nie nadejdą dni? Czyż nie zapłoną noce? Pyłem na wietrze są myśli skrzydlatych.		https://lubimyczytac.pl/ksiazka/222428/siewca-wiatru
maska	Book	Stanisław Lem	Maska	w zbiorze „Maska”	1976	Ta wędrówka moja na wznak trwała czas niewiadomy, a w miarę jej postępów powiększałom się i rozpoznawałom siebie, doświadczając własnych granic, i nie potrafię wyjawić, kiedym mogło już dokładnie ogarnąć własny kształt, rozpoznać każde miejsce, gdziem ustawało. (...) Leżałom jeszcze bezwładne, choć zdolne już do własnego ruchu, lecz w pełni wiadomości, że jeszcze nie czas, i w tym zmartwiałym przechyle — bom spoczywało wtedy na skośnej równi — ostatni prąd, wiatyk bez tchu, pocałunek rozedrgany sprężył mnie, i to był znak, żeby zerwać się i wpełznąć w okrągły otwór bezświetlny, i już bez wszelkiego przynaglania dotknęłom zimnych, gładkich, wklęsłych płyt, aby spocząć na nich z kamienną ulgą. Lecz może był to sen.		https://lubimyczytac.pl/ksiazka/51703/maska
ekonomiaNiesam	Book	Anna Łagan	Ekonomia to dolina niesamowitości	w: „Skafander i melonik”	2018	– Oczywiście – zgodziło się Manu. – Właśnie przeprowadziłom analizę skutków obniżenia moich cen i mimo że widzę wiele niedogodności i nieprzyjemnych konsekwencji, rozumiem, że jak p. powiedział, jest to na ten moment najlepsze rozwiązanie problemu. Zgadzam się na zmianę umowy i obniżenie kosztów… Oto cena, którą p. proponuję.'
rzekaBogow	Book	Ian McDonald	Rzeka bogów	tłumaczenie: Wojciech Próchniewicz	2010	Poznali się, ślub, sześć miesięcy później - ja. I zanim zapytasz: nie. Byłom jedynakiem. Moi rodzice byli atrakcją na Chowpatty Beatch. Brali mnie na wszystkie imprezy, byłom prawdziwą ozdobą.
doBlyskPod	Book	Ada Palmer	Do błyskawicy podobne	tłumaczenie: Michał Jakuszewski	2019	Błagam, uwierzcie mi, dyrektorze naczelny. Nie mam pojęcia, co się wydarzyło. Wiecie, że nie potrafię dowieść swej niewinności, ale ufaliście mi przez długi czas i nie zdradziłom waszego zaufania. Nigdy bym tego nie zrobiło. Nawet dziś rano mogłom powiedzieć Masonowi prawdę o Liście Siedmiu i Dziesięciu, ale tego nie zrobiłom
siedemKapit	Book	Ada Palmer	Siedem kapitulacji	tłumaczenie: Michał Jakuszewski	2019	Trudno określić, kiedy się ocknęłom, bo świat, w  którym się znalazłom, bardzo przypominał sen. Nic nie widziałom, nie byłom w stanie się poruszyć, nie mogłom mówić. Nie byłom związane ani zakneblowane. To były moje dłonie, moje ramiona i  moje nogi. Wszystkie leżały bezwładnie, a  gdy spróbowałom wezwać pomoc, nie tylko nie rozległ się żaden dźwięk, lecz moje usta nie chciały nawet uformować słów. Zachowałom jednak zdolność czucia i  natychmiast uświadomiłom sobie, że leżę w dopasowanym kształtem do ciała pudełku Żywej Lalki.
listopadBez	Book	Joanna Krystyna Radosz	Listopad bez snów	w: „Tęczowe i fantastyczne”	2020	Gdy je otwieram, rozlega się zgrzyt zamka w drzwiach, przedpokój zalewa fala światła, a z głębi mieszkania dobiega lekko bełkotliwy głos Mady:|– ...a ja byłom jak: kupiliśmy trzyosobowy materac, a ty gardzisz!		http://ksf.org.pl/ksf/teczowe-i-fantastyczne-antologia-queerowej-fantastyki/
ofiara	Book	Aleksandra Stanisz	Ofiara	w: „Umieranie to parszywa robota”	2019	To jed­na z me­tod – przy­tak­nę­ło. – Ste­ty czy nie­ste­ty, ja za nią nie prze­pa­dam. Lu­bię za to wa­sze to­wa­rzy­stwo. Mia­łom na­dzie­ję zo­ba­czyć ja­kieś przed­sta­wie­nie. Wiesz, cięż­ko tu ścią­gnąć te­atr, ja też ra­czej stąd nie wyj­dę…
uratowacKotka	Book	A. Szydlik	Jak uratować kotka z nawiedzonego domu	w: „Tęczowe i fantastyczne”	2020	Znalazłom ten portfel na przystanku, wciśnięty między krzesełka. Podniosłom go, trochę bezmyślnie, trochę dla zabicia czasu. Autobus miał przyjechać za kwadrans. Mogłom co prawda iść piechota ̨, ale było ciemno, zimno i lało, a ja byłom bardzo zmęczone. Usiadłom więc na plastikowym krzesełku i otworzyłom portfel.		http://ksf.org.pl/ksf/teczowe-i-fantastyczne-antologia-queerowej-fantastyki/
loe	Article	Rozmowa Ewy Tomaszewicz z Loë Fjorsigviss i Magdaleną Stonawską	Tęcza w fandomie	w: „Replika” #83	2020	<em>[Loë Fjorsigviss]</em> Od kiedy pamiętam, uwierało mnie mówienie o sobie jako o dziewczynie czy kobiecie. Nie utożsamiałum się z tym. Zorientowałum się, że mogę nie być kobietą, nie ze względu na dysforię płciową, tylko ze względu na euforię. Kiedy dopuściłum do siebie myśl, że są inne opcje, zaczęłum esksperymentować i poprosiłum parę znajomych osób, żeby spróbowały tak się do mnie zwracać. Gdy zaczęły tak do mnie mówić, poczułum ogromną ulgę. Kiedy mówię o sobie, ta inna forma przychodzi mi z trudem, ciągle samu mam z nią problem, ale to uczucie, kiedy inni mówią o mnie w ten sposób, powiedziało mi, że to może być faktycznie dobry kierunek, że nie jestem dziewczyną ani chłopakiem, ale kimś poza tym. I to było naprawdę wspaniałe i wyzwalające uczucie.		https://replika-online.pl/spis-tresci-83/
smoczeDzieko	Book	Artur Nowrot	Smocze dziecko	w: „Tęczowe i fantastyczne”	2020	Yare robiłu jednak, co w jenu mocy, by zadowolić rodziców i starszyznę, wykonywać bez zwłoki polecenia, nie zaniedbywać obowiązków i za bardzo nie narzekać.	przymiotniki w formie nijakiej	http://ksf.org.pl/ksf/teczowe-i-fantastyczne-antologia-queerowej-fantastyki/
interwencja	Book	Kelly Robson	Interwencja	"w: „Nowa Fantastyka” 5/2020; tłumaczenie: Paweł Dembowski"	2020	Émeraude odpięłu się i pokazału palec lekarce. Przełączału się między dwoma trybami – wszystko albo nic. Kilka miesięcy temu doznału kontuzji, naciągając mocno ścięgno zginacza.		https://www.fantastyka.pl/czasopisma/pokaz/109
skrzydla	Book	Karolina Fedyk	Skrzydła		2019	Eliri nalali sobie kawy. Ostrożnie podnieśli okutą srebrem szklankę, wdychając aromat napoju.|– Nie musicie się nas bać – powiedzieli bezradnie, wiedząc, że nic to nie zmieni. – Wczorajsze święto było bardzo piękne – dorzucili.
obcaByla	Book	Weronika Mamuna	Obca, która była	w: „Tęczowe i fantastyczne”	2020	I kiedy już wydawało się, że wszystko stracone, kiedy jej myśli zaczęły kierować się ku najstraszliwszym, najbardziej rozpaczliwym czynom, jej przyjaciel – młodzi, ale niezwykle utalentowani czarodziej – zaprowadzili ją przed magiczne drzwi.		http://ksf.org.pl/ksf/teczowe-i-fantastyczne-antologia-queerowej-fantastyki/
cyborgizacja	Book	Agnieszka Żak	Dorastanie w czasach cyborgizacji	w: „Tęczowe i fantastyczne”	2020	– Au, to nasz ostatni dzień razem, skupcie się!|– Przepraszamy... Bo Laghari w wywiadzie powiedziała...|– Oddaliście już tę pracę! Widzisz, Alec? Jeśli zostawimy ich samych, całe wakacje będą słuchać o polityce! To jeszcze nudniejsze! Musimy pójść się jeszcze razem zabawić, zanim zaczną się te wakacje udręki.|– Myślałem, że wrócę do domu i...|– Oszalałeś? Idziemy tańczyć!|Alec spojrzał na Au, którzy tylko wzruszyli z rozbawieniem ramionami.		http://ksf.org.pl/ksf/teczowe-i-fantastyczne-antologia-queerowej-fantastyki/
angielskieImie	Book	R.S. Benedict	Moje angielskie imię	w: „Nowa Fantastyka” 3/2019, tłum. Olga Niziołek	2019	Prawdopodobnie już się zorientowałeś, że wbrew temu, co ci mówił_m, nie urodził_m się w Londynie, nie skończył_m Oxfordu, i – z tego co wiem – nie ochrzcili mnie w Kościele Anglii.		https://www.fantastyka.pl/czasopisma/pokaz/94
stanWyczerpania	Book	Greg Egan	Stan wyczerpania	tłum. Paweł Wieczorek	2003	Kuwale było tylko pół pokolenia młodsze ode mnie i prawdopodobnie mieliśmy wiele podobnych poglądów na świat, vono jednak nieco ekstremalniej wierzyło we wszystko to, w co wierzyliśmy my. Nauka i technologia zdawały się dawać vu wszystko, czego chciało.@Zapiszczał vego notepad. Kuwale stanęło, wyjęło aparat z kieszeni i przez kilka sekund patrzyło w ekran. Potem przeszło kilkanaście metrów na południe.		https://www.czarymary.pl/p_35687_stan_wyczerpania_greg_egan
diaspora	Book	Greg Egan	Diaspora	tłum.: Michał Jakuszewski	2015	Yatima przyjrzało się otaczającym polis gwiazdom. Wszystkie emitowały światło o widmie przesuniętym w wyniku efektu Dopplera, tworząc na niebie nieruchome koncentryczne fale koloru - od ekspansji po konwergencję. Ve zastanawiało się, jak powinni się zachować, gdy wreszcie dościgną uciekających.	rodzaj nijaki z neozaimkami ve/vir
mlotThora	Book	Rick Riordan	Młot Thora	tłum.: Agnieszka Fulińska i Marta Duda-Gryc	2016	– Widzisz, część ludzi pewnie tak by wolała – powiedziała Alex. – Oni nie są zero-jedynkowi albo są pośrodku spektrum czy jakoś tam. Jeśli chcą używać jakiegoś „onu” czy coś, to okej. Ale ja osobiście nie chcę stosować zawsze tych samych zaimków, ponieważ to nie w moim stylu. Ja się często zmieniam. Chyba o to chodzi. Kiedy jestem nią, jestem nią. A kiedy jestem nim, jestem nim. Nie jestem onym ani onu. Rozumiesz?	postać genderfluid o zmiennych zaimkach
statekUmarlych	Book	Rick Riordan	Statek umarłych	tłum.: Agnieszka Fulińska i Marta Duda-Gryc	2017	Zapewne miało to być zabawne. Przez większość czasu Alex uważała się za dziewczynę, ale dziś ewidentnie występował jako facet. Czasem mi się myliło i używałem złego zaimka, mówiąc o nim/niej, Alex lubił więc – czy też lubiła – odpłacać mi pięknym za nadobne, bezlitośnie mnie podpuszczając. Bo na tym polega przyjaźń.	postać genderfluid o zmiennych zaimkach
zwierciadlo	Book	Marta Magdalena Lasik	Zwierciadło w dziurce od klucza	w: „Skafander i melonik”	2018	– Jesteś strasznei pesymistei. – W głosie Leny słyszy rozbawienie. – Porozmawiasz z er?|Jej oczy skrzą się z podekscytowania.@– Kim – Lena mówiła <em>er</em>, więc <em>ei</em> robi to samo, nagle uświadamiając sobie, jak uwierał go tutejszy podział i zarazem jak bardzo do niego przywykł, że nawet w myślach sam siebie sprowadzał do <em>on</em> – ty’er jesteś?
nieOnaNieOn	Article	Weronika Pérez Borjas	Nie ona i nie on. Osoby, które nie czują się ani mężczyzną, ani kobietą, chcą zalegalizować trzecią płeć	w: „Duży Format”	2019	Byłaem wtedy w podróży po Ameryce Centralnej. Tej nocy w Hondurasie bawiłaem się moim starym imieniem, przerzucałeam litery. Od kiedy byłaem dzieckiem, chciałeam zmienić imię, ale nie znajdowałeam niczego, co by pasowało.	zamiennie z formami z „ea”	https://wyborcza.pl/duzyformat/7,127290,24644415,nie-ona-i-nie-on-osoby-ktore-nie-czuja-sie-ani-mezczyzna.html
jurewicz	Article	Łukasz Jurewicz	"Jestem osobą niebinarną płciowo. Mówię ""zrobiłam"" i ""przyszedłem"", to nikogo nie krzywdzi"	w: „Noizz”	2020	Jestem osobą niebinarną płciowo. Od zawsze o tym wiedziałem, od dzieciństwa nie potrafiłam zrozumieć dlaczego nikt nie ma problemu kiedy bawię się żołnierzykami, a gdy miałem ochotę wozić lalki w wózku pod blokiem to nagle musiałem ponosić za to konsekwencje.	formy wymienne	https://noizz.pl/lgbt/niebinarnosc-co-to-znaczy-jak-zwracac-sie-do-osoby-niebinarnej-plciowo/xhrj561
genderqueer	Article	Ada Petriczko	Genderqueer: Nie ona. Nie on. Osoba	w: „Wysokie Obcasy”	2015	– Wiara w płeć jest spełnianiem cudzych oczekiwań. Czym innym jest gra w płeć, uprawiam ją – mówi Robert, 35-letni pisarz z Warszawy. – Nie jestem mężczyzną, chociaż lubię swoje ciało i płynące z faktu jego posiadania korzyści. Nie jestem kobietą, chociaż gdybym miał wskazać najbardziej satysfakcjonujące mnie miejsce, byłoby ono w świecie kobiet. Nie jestem gejem, bo chociaż seksualnie pociągają mnie mężczyźni, zakochuję się w kobietach. Gej to kostium, taki sam konstrukt społeczno-kulturowy jak mężczyzna i kobieta. Nigdy nie miałem płci, ta jest nomadą.		https://www.wysokieobcasy.pl/wysokie-obcasy/1,53664,18939134,poza-plcia.html?disableRedirects=true
milo2	Article	Tash Lisiecki	Mam wam do opowiedzenia historię	w: „Krytyka Polityczna”	2019	W Polsce wiele osób niebinarnych w zetknięciu z lekarzami nieuznającymi niebinarności po prostu kłamie, mówi to, co lekarze chcą usłyszeć, bo od tego zależy ich życie. Gdybym było od początku tak odważne jak Milo, moja historia mogłaby się skończyć podobnie.		https://krytykapolityczna.pl/kraj/historia-milo-mazurkiewicz/
queerZaimki	Article	Klaudia Bobela	Zaimki.pl: powstała strona ułatwiająca dostosowanie języka polskiego osobom niebinarnym. Rozmawialiśmy z jej twórcą i twórczynium	w: „Queer.pl”	2020	"<em>[queer.pl]</em> Skąd pomysł na stworzenie takiej strony?|<em>[Andrea]</em> Złożyło się na to wiele czynników. Samu jestem osobą niebinarną i wkurza mnie, że łatwiej mi wyrazić się w obcych językach niż w ojczystym. Poszukałum więc w Internecie więcej informacji na temat nieortodoksyjnych form językowych, porozmawiałum z paroma osobami, które ich używają i napisałum na tej podstawie posta na bloga, w którym wyjaśniam, czemu poszukiwanie bardziej neutralnej płciowo polszczyzny jest ważne (i to nie tylko dla osób niebinarnych!), oraz zbieram w kilku tabelkach parę najpopularniejszych pomysłów na dokonanie tego.@<em>[Paweł]</em> Inną opcją jest na przykład zupełnie nowy rodzaj gramatyczny („byłum”, „widziałum”) stworzony przez Jacka Dukaja na potrzeby powieści science fiction ""Perfekcyjna niedoskonałość"", gdzie posługiwały się nim postludzkie, pozbawione stałej cielesności istoty w dalekiej przyszłości, ale który z powodzeniem zaadaptowały wobec siebie nie utożsamiające się w pełni z męskością ani kobiecością osoby żyjące tu i teraz, jak choćby Andrea."		https://queer.pl/artykul/204685/zaimkipl-strona-jezyk-polski-niebinarnosc
reyDomurat	Article		Rey KM Domurat	w: „Glissando”, tłum. Joanna Zabłocka	2019	Czy pamiętasz moment, w którym zainteresowałxś się technologią/sprzętem, który jest ci obecnie najbliższy? Jak to się stało, że poszłxdłeś tą ścieżką? Napisz kilka słów o tym, czym się zajmujesz.|<em>[Rey]</em> W tamtym czasie nie było jeszcze dla mnie jasne, w jaki sposób powstaje muzyka i jak wielu etapów produkcji czy zaangażowania licznych osób ona wymaga. Tkwiłxm w przekonaniu, że wszystko robi jedna osoba: artysta wykonuje swój utwór, nagrywa go, a później otrzymuje kontrakt w wytwórni i wypuszcza muzykę w świat… Postanowiłxm, że chcę wiedzieć więcej…		http://glissando.pl/aktualnosci/rey-km-domurat/
janelleMonae	Article		Janelle Monáe ujawnia, że identyfikuje się jako osoba niebinarna	w: „Poptown”	2020	Ostatnie dni w social mediach przyniosły wzmożoną falę osób wyznających swoją niebinarną, wykraczającą poza podstawową klasyfikację płci, naturę. Monáe wykorzystał_ ten moment by także wyoutować się osoba niebinarna. Zrobił_ to z pomocą Twittera, a konkretnie dzieląc się ze swoimi obserwatorami memem odnoszącym się do tej klasyfikacji. Opatrzył_ obrazek hashtagiem „IAmNonbinary”		https://poptown.eu/janelle-monae-ujawnia-ze-identyfikuje-sie-jako-osoba-niebinarna/
protestPoezja	Article	Ida Ślęzak	Protest i poezja	w: „Dialog”	2020	Myles – jak piszą o sobie – są pochodzącymi z Bostonu nowojorskimi poetkami, ikonami lesbijskiej poezji i queerowej kultury. Mieszkały na Lower East Side i były związane przede wszystkim z ośrodkiem eksperymentalnej The Poetry Project w St. Marks Church, gdzie przez lata zajmowały stanowisko dyrektorek artystycznych. W swojej twórczości eksplorują doświadczenia kobiecości i nienormatywnej, queerowej tożsamości.		http://www.dialog-pismo.pl/przedstawienia/protest-i-poezja
komiksKlamstwo	Article	Kamil Giedrys	Kroniki z innego świata – recenzja komiksu Kłamstwo i jak to robimy	w: „anywhere.pl”	2020	Tommi Parrish w tych niełatwych dla odmienności czasach doskonale oddali sytuację osób LGBTQ, tworząc komiks przemawiający do czytelników za pomocą prostych, lecz równie rzetelnych i wiarygodnych środków.		https://www.anywhere.pl/17458/kroniki-z-innego-swiata-recenzja-komiksu-klamstwo-i-jak-to-robimy/
polskieStonewall	Article	Wojciech Karpieszuk	Potrzebujemy polskiego Stonewall	w: „Gazeta Wyborcza”	2020	Idący/a w alternatywnym marszu aktor/ka Indya Moore (określa siebie jako osobę niebinarną, czyli nie utożsamia się z żadną płcią) apelował/a, by walczyć o prawa transpłciowych, czarnoskórych pracownic seksualnych. Dziś w USA wiele z nich pada ofiarami morderstw.		https://warszawa.wyborcza.pl/warszawa/7,54420,24961291,potrzebujemy-polskiego-stonewall.html
monstra	Book	A Frey	Niewidzialne monstra. O niebinarności i potrzebie reprezentacji	w: „Tęczowe i fantastyczne”	2020	A jednak gdy tylko wychodzę z powrotem na ścieżkę, boję się. Jeszcze parę chwil temu – podobnie jak przez całe dotychczasowe życie – był_m przezroczyst_. Mogł_m wędrować ulicami, rozkoszując się pogodą, widokami, byciem w miejscu, które kocham. Teraz ogarnia mnie dojmująca, niemal paraliżująca świadomość tego, jak bardzo rzucam się w oczy.		http://ksf.org.pl/ksf/teczowe-i-fantastyczne-antologia-queerowej-fantastyki/
oneDay	Series		One Day at a Time, sezon 2 odcinek 3 „Kwestia zaimków”		2018	– Rozmawiałam z Syd i okazuje się, ze mamy  tyle ze sobą wspólnego. Wiem, że nie chcesz, bym się umawiała, ale mogę pójść z nimi na lody?|– Mówiąc „nimi” masz na myśli tylko Syd?|– Tak.		https://www.netflix.com/watch/80175355?trackId=14170286
samounicestwienie	Book	Andrea	Droga ludzkości, uprasza się o samounicestwienie…		2019	‘Ja mam pomysł’, ogłosiłu jednu z Senatorów, wstając. Trochę nu zajęło zdecydowanie, czy warto w ogóle o tym pomyśle wspominać. A raczej, czy <em>bezpiecznie</em> jest o nim napomsknąć. Lecz w końcu wstału i odważyłu się odezwać. I tak zaraz będzie martwu, więc co za różnica? Wszyscy będą. Jeśli kiedyś łapać się desperackich kroków, to teraz.		https://avris.it/texts/droga-ludzko%C5%9Bci-uprasza-si%C4%99-o-samounicestwienie
nawrockaBiogram	Book	Ginny Nawrocka	biogram autorski w antologii Tęczowe i fantastyczne		2020	"Autorzy i eseiści publikujący m.in. na łamach portalu <a href=""https://Gallifrey.pl"" target=""_blank"" rel=""noopener"">Gallifrey.pl</a>, a o swoim pisaniu mówiący na Twitterze (<a href=""https://twitter.com/ripplesofcosmos"" target=""_blank"" rel=""noopener"">ripplesofcosmos</a>). Tworzą światy łączące fantastykę naukową z magią. Są osobą niebinarną, aromantyczną i aseksualną, a ich zaimki to „wy/oni”."		http://ksf.org.pl/ksf/teczowe-i-fantastyczne-antologia-queerowej-fantastyki/
odzyskiwanieA	Book	Ginny Nawrocka	O odzyskiwaniu A		2020	W kultowym już wiedźminie mamy biseksualną Ciri i niebinarnych Neratina Cekę. (...) Niebinarność Neratina sprowadza się do androgynicznej urody i kilku pogardliwych uwag o tym, że trudno określić, czy to mężczyzna czy kobieta.@Nie jesteśmy smokiem, żeby zbierać skarby, ale jeśli chodzi o queer, jesteśmy potrójnie literą A. Jedną z tych mniej znanych właśnie, do niedawna powszechnie niepoprawnie odczytywanych jako „ally” – osoba wspierająca osoby queerowe, ale cispłciowa i jednocześnie heteroseksualna, a więc nie należąca do żadnej mniejszości płciowej czy seksualnej. Nam jednak nie brakuje narracji o postaciach, które po prostu nie mają problemu z tym, że ktoś inny jest postacią queerową, nawet jeśli miło jest takie historie widzieć. Brak nam narracji o osobach aromantycznych, aseksualnych i agenderowych (czy, w tym ostatnim wypadku, szerzej: niebinarnych), bo ich niewidoczność jest szczególnie trudna do zwalczenia – i w życiu, i w fantastycznej fikcji.		http://ksf.org.pl/ksf/teczowe-i-fantastyczne-antologia-queerowej-fantastyki/
margot	Article	Piotr Wesołowicz, Dawid Krawczyk	Dwa miesiące aresztu dla aktywistki LGBT. Spontaniczna demonstracja w jej obronie	w: „Gazeta Wyborcza”	2020	Sąd w Warszawie zdecydował o dwumiesięcznym areszcie dla Margot, aktywistki walczącego z homofobią kolektywu Stop Bzdurom. Informacja o tym doprowadziła do protestów, które sprzed siedziby Kampanii Przeciw Homofobii przeniosły się na Krakowskie Przedmieście i pod komendę na Wilczą. Policja zatrzymała kilkunastu ich uczestników.@Margot pożegnała się z grupą, która odprowadziła ją na Nowy Świat i zaczęła iść w stronę kościoła z pomnikiem Chrystusa. Wtedy podeszli do niej policjanci w mundurach i nieumundurowani, złapali za ręce i wsadzili do nieoznakowanego grafitowego samochodu. Doszło do szarpaniny między protestującymi i policją.		https://warszawa.wyborcza.pl/warszawa/7,54420,26191800,aktywistka-lgbt-trafi-na-dwa-miesiace-do-aresztu-nie-odpuscimy.html
starWarsKoPo	Book	Chuck Wendig	Star Wars: Koniec i poczatek. Dług życia.	tłumaczenie: Anna Hikiert	2017	Zazdroszczę wam dziś błogosławieństwa, które spłynie na was, gdy przyjdzie wam spotkać jego wysokość, jej łaskawość, jego wspaniałość, jej jaśniewyniosłość… korsarkę! Grabieżczynię! Piracką władczynię Dzikiej Przestrzeni! Arcyłotrzynię Eleodie Maracavanya!
degrassi	Series		Degrassi: Nowy rocznik	sezon 4 odcinek 9, #Obsesja, tłumaczenie: Agata Miazek	2017	– Zmieniła imię?|– Zaimek. Na „oni/ich” zamiast „ona/jej”.|– Idiotyczne.|– I dlatego nie jesteś zaproszony.|– „Oni” to liczba mnoga. Yael to jedna osoba, prawda?|– Oni są szczęśliwi. Czy to, jak ich nazywamy ma znaczenie?
dillon	Article	H. Alan Scott	Pan i pani Dillon	w: „Newsweek”	2020	– Postulujecie zniesienie kategorii płciowych w konkursie Emmys. Sądzicie, że uda się wprowadzić klasyfikację niebinarną?|– Istnieje taka możliwość. Ile czasu minie trudno orzec. Jesteśmy gotowi(owe) podjąć publiczną debatę z odnośnymi decydentami.		https://www.newsweek.pl/swiat/asia-kate-dillon-dla-newsweeka-rozmowa/4dxvn4d
hen	Article	Anna Klimont	Zaimek “hen” w szwedzkich książkach obrazkowych – siedem lat po Kivi & Monsterhund	w: „Studia Scandinavica 3(23)/2019”	2019	Gdyby Kivi było chłopcem lub dziewczynką, musiałoby zmierzyć się z przypisanymi danej płci cechami, które stawiałyby przed nim zarówno pewne oczekiwania, jak także ograniczenia (Kivi stałoby się na przykład wrażliwym chłopcem lub silną i odważną dziewczynką), Lundqvist chciał natomiast zupełnie wyzwolić postać Kivi, a także całą opowiedzianą historię od wszelkich stereotypów związanych z płcią.		https://czasopisma.bg.ug.edu.pl/index.php/SS/article/download/3818/3197/
fluff	Book	Natalia Osińska	Fluff		2019	Kiedyś na przykład zapytał to małe pucate Zło, czy jest chłopcem, czy dziewczynką i trudno doprawdy stwierdzić, kto zniósł to gorzej: Zło, które zalało się wielkimi łzami, czy Daniel, który prawie dostał wybroczyn ze złości.|– Ale mogę zapytać, ile ma lat? –  upewnił się Marcin, kiedy już wszystkich potulnie poprzepraszał. – Bo przesiaduje po nocach na tych twoich imprezach, a wygląda smarkato. Jak je kiedyś zobaczę w tym domu z piwem, to nogi z tyłka powyrywam. Tobie.
natGeo	Article	Robin Marantz Henig	Dwie płcie to za mało	w: „National Geographic”	2020	Najpierw uznał się za butch lesbian – lesbijkę przejawiającą stereotypowo męskie cechy, później – osobę genderfluid, aż w końcu zdecydował się na określenie „niebinarny transchłopak”. Brzmi to trochę jak oksymoron. Czy „niebinarny” i „chłopak” się nie wykluczają? Ale taka kombinacja wydaje się Charliemu najbardziej odpowiednia. Kilka miesięcy po naszej rozmowie wybierał się na studia i miał zamiar zacząć przyjmować testosteron.		https://www.national-geographic.pl/artykul/dwie-plcie-to-juz-za-malo-jak-nauka-to-opisze
fakty	Article	Maciej Knapik	Co oznacza, że osoba jest niebinarna? „My się tacy rodzimy”	w: „Fakty TVN”	2020	<em>[Maciej Knapik]</em> A czy to jest moda?|<em>[Polie]</em> Gdyby to była moda i gdyby to było coś, co sobie wybrałom, to nie chciałobym tego wybierać, bo to, jak się dzieje w Polsce, to zdecydowanie wolałobym nie być niebinarne.		https://fakty.tvn24.pl/ogladaj-online,60/kim-jest-osoba-niebinarna-osoba-niebinarna-nie-okresla-sie-jednoznacznie,1026483.html
zaczytana	Book	Ashley Poston	Zaczytana i bestia	tłum. Agnieszka Brodzik	2020	Quinn i Annie czekają na mnie przy mojej szafce. Widzę gniew Quinn i wcale się nie dziwię. Gdy podchodzę, by otworzyć drzwiczki, właśnie coś głośno tłumaczy Annie:|– A on tak po prostu wszedł mi w słowo! Miałom przygotowane całe przemówienie! – wścieka się. – Teraz jeszcze bardziej chcę wygrać. Nie pozwolimy ci iść z nim na bal, bez względu na wszystko.
bogiperson	Article	Bogi Takács	"Notka autorska w Magazynie KONTENT 12-13; 2020"	tłum. Artur Nowrot	2020	"Bogi Takács – węgiersko-żydowska osoba agenderowa obecnie mieszkająca w Stanach Zjednoczonych ze swoją rodziną i kolekcją książek. Pisze, redaguje i recenzuje poezję i prozę spekulatywną. Zdobyłu nagrodę literacką Lambda w kategorii Najlepsza Proza Transgenderowa za redakcję antologii Transcendent 2; znalazłu się także w finałach nagród Locus i Hugo. Pisze o książkach na blogu <a href=""https://bogireadstheworld.com"" target=""_blank"" rel=""noopener"">bogireadstheworld.com</a>, ma też konta na Twitterze, Patreonie i Instagramie jako <a href=""https://twitter.com/bogiperson"" target=""_blank"" rel=""noopener"">bogiperson</a>."		https://kontent.net.pl/czytaj/12#Zestaw_wierszy_B_Takcs
oTryptyku	Article	Artur Nowrot	„Niektóre rzeczy da się opisać tylko za pomocą/ języka science fiction”. O Tryptyku z dwoma ogonami Bogi Takács	w: „Magazyn Kontent 12-13, 2020”	2020	Partia Psa z Dwoma Ogonami to oczywisty żart. W jej manifeście zawarte są obietnice piwa i życia wiecznego oraz projekt budowy stacji kosmicznej. Można by pomyśleć, że to właśnie tymi postulatami ugrupowanie zjednało sobie sympatię Bogi Takács, którenu twórczość prozatorska i poetycka jest mocno zakorzeniona w science fiction. Ale już na samym początku drugiej części tryptyku dowiadujemy się, że nie to jest powodem, dla którego osoba wypowiadająca się w wierszu zamierza głosować na partię. Chodzi o coś innego. O coś więcej.”		https://kontent.net.pl/czytaj/12#Zestaw_wierszy_B_Takcs
genderneutralizacja	Article	Andrea	Genderneutralizacja polszczyzny?		2020	Uznałem zatem, że fajnie by było te wszystkie pomysły na genderneutralizację polszczyzny zebrać w jedno miejsce i usystematyzować w tabelkach.|Kto wie, może w takiej formie łatwiej będzie zauważyć prawidłowości, potencjalne problemy, możliwości rozwoju, a może nawet zbudowania spójnego i wszechstronnego systemu?|Na pewno nie zbiorę ich wszystkich, ale próbować warto. A przynajmniej nie zbiorę ich wszystkich sama. (...)		https://avris.it/blog/genderneutralizacja-polszczyzny
niebTlum	Article	Krzysztof Bożejewicz	Maniak marudzi #27: Niebinarne tłumaczenia	w: „Przemyślenia Maniaka”	2019	Osoby niebinarne (w tym <em>yours truly</em>) czasem wybierają opcję pt.: „Mów mi, jak chcesz”. W praktyce oznacza to, że można się do nich zwracać formami żeńskimi lub męskimi (a jeśli tego zechcą, to również wszystkimi pozostałymi wymienionymi i niewymienionymi w moim tekście). Argumentem przeciwko zastosowaniu takiego rozwiązania w przekładzie byłaby obawa przed niespójnością i narobieniem bałaganu. Ale wiecie: to słaby argument. Warto jednak stosować tę opcję rozważnie.		https://www.przemyslenia-maniaka.pl/2019/11/maniak-marudzi-27-niebinarne-tumaczenia.html
rjpBylom	Other	Rada Języka Polskiego	Opinia o formach „byłom”, „byłoś”, itp.		2003	Problem, który Pan poruszył w liście do RJP, jest ciekawy, a jego rozwiązanie może nastąpić przez odwołanie się do opisu kategorii gramatycznych, zawartego w podręcznikach i encyklopediach językowych. Chodzi o to, czy formy 1. i 2. osoby liczby pojedynczej rodzaju nijakiego w czasie przeszłym występują w polszczyźnie, czy są poprawne w naszym języku. Otóż mamy tu do czynienia z dwiema kwestiami: formalno-gramatyczną i semantyczną.|Jeśli chodzi o tę pierwszą kwestię, to opis kategorii gramatycznych czasownika w „Encyklopedii języka polskiego” (wyd. III, Wrocław 1999) zawiera informację, że: „W cz[asie] prze[szłym] prócz odmiany przez osobę i liczbę występuje odmiana przez rodzaj: w l. poj. istnieje opozycja rodz. m. : rodz. ż. : rodz. n. (końcówki -ø, -a, -o)” (s. 45), natomiast w tabeli na s. 194 podane są końcówki dla l. poj. czasu przeszłego: -m, -ś, -ø). Nigdzie nie występuje zastrzeżenie, że nie tworzy się form 1. i 2. osoby rodzaju nijakiego w czasie przeszłym. Tak więc z punktu widzenia gramatycznego formy byłom, byłoś, robiłom, robiłoś, widziałom, widziałoś itd. są poprawne, zgodne z systemem językowym.		http://www.rjp.pan.pl/index.php?option=com_content&view=article&id=317:byom-byo&catid=44&Itemid=208
ciekawszaWersja	Article	Dariusz Kuźma	Ciekawsza wersja nas samych	w: „Przekrój”	2020	W zeszłym roku, przy okazji premiery Johna Wicka 3, głośno było o tym, że jedną z ról zagrali Asia Kate Dillon, osoba niebinarna, która zdobywa coraz większą popularność. Myślisz, że kultura celebrycka jest w stanie przyspieszyć przemiany społeczne?		https://przekroj.pl/spoleczenstwo/ciekawsza-wersja-nas-samych-dariusz-kuzma
lichoLato	Book	Marta Kisiel	Małe Licho i lato z diabłem		2020	— Ty miałeś przygody, alleluja. Takie z emocjami i siniakami, i wyprawami, i w ogóle! A ja nie miałom ani jednej, ani w zaświatach, ani w podmiędzypiekle…|— Przednadpiekle — poprawił Bożek skrupulatnie.|— Tam też nie miałom! — zakrzyknęło Licho i tupnęło bamboszkiem dla większego wrażenia. — Nic nie miałom i nigdzie nie byłom, bo ty mnie nigdzie nie zabierasz!
apocalypseEnby	Song	XymMusic	apocalypse enby		2019	bądźmy tu razem|ostatni raz|złączone w intymnym uścisku|byłuś tu ze mną|byłum tu z tobą|czego jeszcze można chcieć		https://xymmusic.bandcamp.com/track/apocalypse-enby
opydo	Other		Podcast ZVZ #14		2019	<em>[Paweł Opydo]</em> Uważam, że dodawanie „u” do wszystkiego jest super opcją, na przykład „niebinarnu złowieszczu piratu”.@<em>[Katarzyna Czajka-Kominiarczuk]</em> Język, którym się posługujemy kształtuje rzeczywistość. Jeśli będziemy korzystali ze słów, które będą miały końcówki żeńskie, jeśli będziemy korzystali właśnie z takich słów naszych zakończonych „-u”, to w naszej świadomości zaczniemy widzieć za tymi słowami nie tylko mężczyzn, ale i kobiety, ale i osoby niebinarne. Dzieci, które będą się wychowywały po naszym pokoleniu będą już zupełnie przyzwyczajone do tych końcówek i dla nich to, że jest astronauta, astronautka czy astronautu będzie absolutnie oczywiste.		https://www.youtube.com/watch?v=aR6Vpl6e0to
liniaOporuMix	Book	Jacek Dukaj	Linia oporu	w: „Król Bólu”	2010	"I pamiętałum, jak rodziłam dzieci, dwoje, troje, pięcioro, ośmioro dzieci, w chacie lampą olejną oświetlanej i w ziemiance ciemnej, pracując w polu i pracując przy zwierzętach, rodziłam dzieci, a potem te dzieci męczyły mnie i dręczyły, aż zadręczyły; tak umierałam."	formy wymienne: ona lub onu
liniaOporu	Book	Jacek Dukaj	Linia oporu	w: „Król Bólu”	2010	Na owych pustkowiach zagubienia, wśród zgąszczów zieleni, nie ja jednu nosiłum kształt człowieczy. Spotykałum też innych cudzoświatowców, wieczorami przy ogniu wyznawali swe historie. Zazwyczaj podróżowali do krewnych przebywających na oddaleniu, do synówcórek, bracisióstr, którzy opuścili krainy kamienia i prawa, ojczyzny zera i jedynki.@Im dalej wędrowałuśmy, tym bardziej zmieniało się wszystko wokół. Świat przemieniał się w sen o snach nietrwały.|Czas jakiś żyłum w gaju owocowym, gdzie zbierałuśmy jabruszki i oliwnice, też wyłącznie nimi się żywiąc.
liniaOporuPlural	Book	Jacek Dukaj	Linia oporu	w: „Król Bólu”	2010	Im dalej wędrowałuśmy, tym bardziej zmieniało się wszystko wokół. Świat przemieniał się w sen o snach nietrwały.|Czas jakiś żyłum w gaju owocowym, gdzie zbierałuśmy jabruszki i oliwnice, też wyłącznie nimi się żywiąc.
swietaWojna	Article	Renata Kim	Święta wojna o język	w: „Newsweek”	2020	<em>[Michał Rusinek]</em> Dowiedziałem się, że w języku angielskim wobec osób niebinarnych można używać zaimków liczby mnogiej – mówi się o jednej osobie „they”. I nie chodzi o to, że zakłada się jej podwójność, tylko że to jest zaimek, który nie wskazuje na płeć. Bo są też takie osoby, które nie chcą definiować swojej płciowości, chociażby jak laureatka/laureat tegorocznego Bookera. W języku polskim jest to trudniejsze, ale możliwe, trzeba się tylko trochę nagimnastykować.		https://www.newsweek.pl/swiat/spoleczenstwo/michal-rusinek-rozmowa-o-politycznej-poprawnosci/74jmcnp
margotWywiad	Article	Julia Właszczuk	Margot ze Stop Bzdurom: Nie mam czasu się bać	w: „Vogue”	2020	Ostatnie dwa dni spędziłam w domu w gronie przyjaciółek. Czas minął nam na rozmowach, jedzeniu i kochaniu się. Po wyjściu musiałam na chwilę odciąć. Teraz powoli wracam do rzeczywistości i normalnego rytmu pracy, więc dziś mam się różnie – czasami czuję radość, a chwilę potem przygnębienie i stres. Dopiero dziś w nocy czytałam o wszystkim, co wydarzyło się przez ostatnie tygodnie i byłam pod ogromnym wrażeniem.@Przez pierwsze kilka dni część współosadzonych krzyczało w moją stronę obelgi i groźby, ale szybko im się to znudziło. Później kilka razy zaczepiano mnie tekstami w stylu: „Co tam Margareta?” czy „Jak masz na imię, dziewczynko?”. Prawie wszyscy współwięźniowie zwracali się do mnie żeńskimi zaimkami, czego nie mogłam wyegzekwować ze strony służby więziennej.		https://www.vogue.pl/a/margot-ze-stop-bzdurom-nie-mam-czasu-sie-bac
listopadBezMix	Book	Joanna Krystyna Radosz	Listopad bez snów	w: „Tęczowe i fantastyczne”	2020	Piszę artykuł o ewolucji języka i zakresie użycia neutralnych płciowo form czasu przeszłego. Zauważyłaś, że nasi kurier czasem je stosuje, a czasem nie? Chciałam go przepytać, od czego uzależnia użycie form określonych płciowo, a od czego tych neutralnych, rozumiesz, typu „mówiłm”, „przyszołm” i tak dalej.@Odpisujemy na listy, po raz enty wzdychając, o ile prościej byłoby, gdyby poczta elektroniczna działała niezawodnie i wykluczyła konieczność pisania tradycyjnych wiadomości. Dochodzimy do wniosku, że może udałoby się uratować jedno drzewo miesięcznie i nie miałybyśmy tyle makulatury, ale prawdopodobnie kurier przychodziliby nie raz dziennie, a raz w tygodniu i ominęłaby nas przyjemność oglądania ich paznokci.@O dziesiątej, kiedy akurat mam chwilę wytchnienia, przychodzi kurier. Dzisiaj stosik korespondencji jest, na szczęście, mniejszy, za to nasi dostawca ma kilka jasnych pasemek w czarnych włosach i kocie oko na paznokciach.|– Przyniosłam wam coś jeszcze – informuje z uśmiechem i podaje mi dwa czekoladowe mikołaje, takie jak z czasów mojego dzieciństwa. – Zostały nam po świętach, dostaliśmy po kilka, a Dżesika mówiła, że lubicie czekoladę.		http://ksf.org.pl/ksf/teczowe-i-fantastyczne-antologia-queerowej-fantastyki/
starTrekAntyradio	Article	Sergiusz Kurczuk 	"W nowym sezonie ""Star Trek: Discovery"" zadebiutują postacie niebinarne i transseksualne "	w: „Antyradio”	2020	"Del Barrio to osoba niebinarna posługująca się zaimkami w liczbie mnogiej, kończąca obecnie naukę w London Academy of Music and Dramatic Art. Ich dorobek ogranicza się na razie do ról teatralnych i udziału w kilku filmach krótkometrażowych, więc ""Star Trek: Discovery"" będzie szansą na zaistnienie w Hollywood."		https://www.antyradio.pl/Filmy-i-seriale/Seriale/W-nowym-sezonie-Star-Trek-Discovery-zadebiutuja-postacie-niebinarne-i-transseksualne-43596
kazmierczak	Article	Katarzyna Fortuna	Małgorzata Lebda i Łukasz Kaźmierczak laureatami nagrody im. Adama Włodka	w: „Radio Kraków”	2020	"Łukasz Kaźmierczak/Łucja Kuttig - debiutowało prozami poetyckimi ""Kokosty"" (2018) w ramach nagrody głównej w Konkursie im. J. Bierezina. W 2019 r. opublikowało ""Agresty"" dzięki wygranej w Konkursie im. K. Janickiego. Jego/jej teksty ukazywały się również w czasopismach, antologiach i zinach. Zdobyło wykształcenie chemiczne i matematyczne na Politechnice Łódzkiej."		https://www.radiokrakow.pl/kultura/malgorzata-lebda-i-lukasz-kazmierczak-laureatami-nagrody-im-adama-wlodka/
8yoDragQueen	Article		Ataki na matkę 8-letniego niebinarnego dziecka	w: „Queer.pl”	2020	"Mówiono mi, że wykorzystuje moje dziecko, zamiast pozwolić mu/jej na posiadanie ""normalnego dzieciństwa. Jednak nie rozumiem, jak ktokolwiek mógłby zmusić 8-latka/latkę do założenia ogromnej sukni, peruki i poświęcenia całej swojej uwagi, wbrew własnej woli."		https://queer.pl/news/204383/ataki-na-matke-8-letniego-niebinarnego-dziecka
mnwInsta	Article	Miłość Nie Wyklucza	Jak zwracać się do osób trans i niebinarnych? Wyjaśniamy!		2020	Bo każd* człowiek wie, kim jest. I każd* najlepiej zna swoją tożsamość. Wystarczy, że będziemy to po prostu szanować i życie wszystkich nas stanie się odrobinkę prostsze.		https://www.instagram.com/p/CDwDSC0H3tR/
trzyWiersze	Poetry	Kazimierz Przybysz	Trzy wiersze	w: „Tlen Literacki” 6/2020	2020	pić chciałum z onu źródeł|ale ludzie mi się nawarstwili i zasłonili|(a nie wolno się gromadzić!)		http://tlenliteracki.pl/kazimierz-przybysz-trzy-wiersze/
